Workbook
Name Транспорт: 'Справочники'!$C$2:$J$2
Name Подарки: 'Справочники'!$C$6:$J$6
Name Продукты: 'Справочники'!$C$7:$J$7
Name Рестораны: 'Справочники'!$C$4:$J$4
Name Алкоголь: 'Справочники'!$C$5:$J$5
Name Еда: 'Справочники'!$C$3:$J$3

Sheet Дашборд
B2: Последние расходы внесены | D2: =MAX('Повседневные'!C:C) -> 43279
B3: Средний расход за текущий месяц | D3: =H66/DAY(D2) -> 2351.9643 | E3: =IF(D3>D4,"ТРАНЖИРА","В НОРМЕ") -> ТРАНЖИРА
B4: Лимит расхода в день | D4: 2000
E23: AVG в месяц | G23: Месяц | H23: Повседневные | I23: В день | J23: Крупные | K23: Квартира | L23: Итого | N23: Итого Повседневные | O23: =H36 -> 324074 | P23: руб.
E24: =D24*$O$31 -> 10398.741 | G24: Январь | H24: {=TRANSPOSE(C72:N72)} -> 47443 | I24: {=TRANSPOSE(C69:N69)} -> 1530.4194 | J24: {=TRANSPOSE(C73:N73)} -> 20000 | K24: {=TRANSPOSE(C74:N74)} -> 37500 | L24: {=TRANSPOSE(C75:N75)} -> 104943 | N24: Итого Крупные | O24: =J36 -> 113800 | P24: руб.
E25: =D25*$O$31 -> 8706.3436 | G25: Февраль | H25: 17025 | I25: 1151.2143 | J25: 18000 | K25: 43500 | L25: 78525 | N25: Итого Квартира | O25: =K36 -> 267300 | P25: руб.
E26: =D26*$O$31 -> 7702.081 | G26: Март | H26: 59263 | I26: 1330.4409 | J26: 9000 | K26: 37900 | L26: 106163 | N26: Итого все расхолы | O26: =L36 -> 705174 | P26: руб.
E27: =D27*$O$31 -> 7522.1442 | G27: Апрель | H27: 84558 | I27: 1735.7417 | J27: 38000 | K27: 75700 | L27: 198258
E28: =D28*$O$31 -> 5213.0407 | G28: Май | H28: 49930 | I28: 1665.929 | J28: 13300 | K28: 37700 | L28: 100930 | N28: Дней прошло | O28: =(MAX('Повседневные'!C:C)-'Повседневные'!C2)+1 -> 178 | P28: дней
E29: =D29*$O$31 -> 4573.6072 | F29: → | G29: Июнь | H29: 65855 | I29: 1800.4111 | J29: 15500 | K29: 35000 | L29: 116355 | N29: из них без трат | O29: =COUNTIF('Повседневные'!D:D,"Нет расходов") -> 16 | P29: дней
E30: =D30*$O$31 -> 4571.7275 | G30: Июль | N30: Средний расход за день | O30: =O23/O28 -> 1820.6404 | P30: руб.
E31: =D31*$O$31 -> 4283.111 | G31: Август | N31: Средний расход в месяц | O31: =O30*AVERAGE('Справочники'!C29:C40) -> 55377.814 | P31: руб.
E32: =D32*$O$31 -> 1043.3942 | G32: Сентябрь | N32: с учетом крупных расходов | O32: =((O23+O24)/O28)*AVERAGE('Справочники'!C29:C40) -> 74823.975 | P32: руб.
E33: =D33*$O$31 -> 666.43258 | G33: Октябрь | N33: с учетом всех расходов | O33: =((O23+O24+O25)/O28)*AVERAGE('Справочники'!C29:C40) -> 120500.24 | P33: руб.
E34: =D34*$O$31 -> 525.45646 | G34: Ноябрь
E35: =D35*$O$31 -> 171.73455 | G35: Декабрь
E36: =SUM(E24:E35) -> 55377.814 | G36: Год 1 | H36: =SUM(H24:H35) -> 324074 | I36: =AVERAGE(I24:I35) -> 1535.6927 | J36: =SUM(J24:J35) -> 113800 | K36: =SUM(K24:K35) -> 267300 | L36: =SUM(L24:L35) -> 705174
B38: Распределение Повседневных расходов по дням недели
B39: День недели | C39: Всего (руб.) | D39: Аллокация на день
B40: ПН | C40: =SUMIF('Повседневные'!A:A,2,'Повседневные'!G:G) -> 45959 | D40: =C40/SUM($C$40:$C$46) -> 0.14181638
B41: ВТ | C41: =SUMIF('Повседневные'!A:A,3,'Повседневные'!G:G) -> 33821 | D41: =C41/SUM($C$40:$C$46) -> 0.10436197
B42: СР | C42: =SUMIF('Повседневные'!A:A,4,'Повседневные'!G:G) -> 34543 | D42: =C42/SUM($C$40:$C$46) -> 0.10658985
B43: ЧТ | C43: =SUMIF('Повседневные'!A:A,5,'Повседневные'!G:G) -> 37606 | D43: =C43/SUM($C$40:$C$46) -> 0.1160414
B44: ПТ | C44: =SUMIF('Повседневные'!A:A,6,'Повседневные'!G:G) -> 72854 | D44: =C44/SUM($C$40:$C$46) -> 0.22480668
B45: СБ | C45: =SUMIF('Повседневные'!A:A,7,'Повседневные'!G:G) -> 45618 | D45: =C45/SUM($C$40:$C$46) -> 0.14076415
B46: ВС | C46: =SUMIF('Повседневные'!A:A,1,'Повседневные'!G:G) -> 53673 | D46: =C46/SUM($C$40:$C$46) -> 0.16561958
B47: Будни | C47: =SUM(C40:C44) -> 224783 | D47: =C47/SUM(C40:C46) -> 0.69361627
B48: Выходные | C48: =C45+C46 -> 99291 | D48: =C48/SUM(C40:C46) -> 0.30638373
B50: Примечание: С каждым новыс месяцем данная таблица будет расширяться вправо на один столбец
B51: Повседневные расходы | C51: 1 | D51: 2 | E51: 3 | F51: 4 | G51: 5 | H51: 6
I67: Сюда нужно будет протягивать формулы по мере увеличения месяце в сводной таблице выше
B68: Коэффициент трат в месяц | C68: =C66/$O$31 -> 0.85671493 | D68: =D66/$O$31 -> 0.30743359 | E68: =E66/$O$31 -> 1.0701578 | F68: =F66/$O$31 -> 1.5269292 | G68: =G66/$O$31 -> 0.90162462 | H68: =H66/$O$31 -> 1.1891947
B69: Средний расход в месяц | C69: =C70/VLOOKUP(C53,'Справочники'!$A$28:$C$40,3) -> 1530.4194 | D69: =D70/VLOOKUP(D53,'Справочники'!$A$28:$C$40,3) -> 1151.2143 | E69: =E70/VLOOKUP(E53,'Справочники'!$A$28:$C$40,3) -> 1330.4409 | F69: =F70/VLOOKUP(F53,'Справочники'!$A$28:$C$40,3) -> 1735.7417 | G69: =G70/VLOOKUP(G53,'Справочники'!$A$28:$C$40,3) -> 1665.929 | H69: =H70/VLOOKUP(H53,'Справочники'!$A$28:$C$40,3) -> 1800.4111
B70: Средний расход накоп. итогом | C70: =C66 -> 47443 | D70: =SUM($C$66:D66)/D51 -> 32234 | E70: =SUM($C$66:E66)/E51 -> 41243.667 | F70: =SUM($C$66:F66)/F51 -> 52072.25 | G70: =SUM($C$66:G66)/G51 -> 51643.8 | H70: =SUM($C$66:H66)/H51 -> 54012.333
B72: Повседневные | C72: =C66 -> 47443 | D72: =D66 -> 17025 | E72: =E66 -> 59263 | F72: =F66 -> 84558 | G72: =G66 -> 49930 | H72: =H66 -> 65855
B73: Крупные расходы | C73: =SUMIF('Крупные'!$B:$B,C53,'Крупные'!$E:$E) -> 20000 | D73: =SUMIF('Крупные'!$B:$B,D53,'Крупные'!$E:$E) -> 18000 | E73: =SUMIF('Крупные'!$B:$B,E53,'Крупные'!$E:$E) -> 9000 | F73: =SUMIF('Крупные'!$B:$B,F53,'Крупные'!$E:$E) -> 38000 | G73: =SUMIF('Крупные'!$B:$B,G53,'Крупные'!$E:$E) -> 13300 | H73: =SUMIF('Крупные'!$B:$B,H53,'Крупные'!$E:$E) -> 15500
B74: Квартира | C74: =SUMIF('Квартира'!$B:$B,C53,'Квартира'!$F:$F) -> 37500 | D74: =SUMIF('Квартира'!$B:$B,D53,'Квартира'!$F:$F) -> 43500 | E74: =SUMIF('Квартира'!$B:$B,E53,'Квартира'!$F:$F) -> 37900 | F74: =SUMIF('Квартира'!$B:$B,F53,'Квартира'!$F:$F) -> 75700 | G74: =SUMIF('Квартира'!$B:$B,G53,'Квартира'!$F:$F) -> 37700 | H74: =SUMIF('Квартира'!$B:$B,H53,'Квартира'!$F:$F) -> 35000
B75: Итого в месяц | C75: =C66+C73+C74 -> 104943 | D75: =D66+D73+D74 -> 78525 | E75: =E66+E73+E74 -> 106163 | F75: =F66+F73+F74 -> 198258 | G75: =G66+G73+G74 -> 100930 | H75: =H66+H73+H74 -> 116355

Sheet Повседневные
A1: DW | B1: Month | C1: Дата | D1: Наименование | E1: Категория | F1: Подкатегория | G1: Стоимость | H1: Комментарий | I1: Автоматический список подкатегорий. Заполняется при выборе основной категории.
A2: =WEEKDAY(C2) -> 3 | B2: =MONTH(C2) -> 1 | C2: 43102 | D2: Такси | E2: Транспорт | F2: Такси | G2: 676 | I2: =IFERROR(INDIRECT(E2),"") -> Такси | J2: Автобус | K2: Метро | L2: Электричка | M2: Другой транспорт
A3: =WEEKDAY(C3) -> 3 | B3: =MONTH(C3) -> 1 | C3: 43102 | D3: Пиво в баре | E3: Рестораны | F3: Бар | G3: 900 | I3: =IFERROR(INDIRECT(E3),"") -> Бар | J3: Ресторан | K3: Бургерная | L3: Доставка | M3: Кальянная
A4: =WEEKDAY(C4) -> 3 | B4: =MONTH(C4) -> 1 | C4: 43102 | D4: Обед | E4: Еда | F4: Еда вне работы | G4: 700 | I4: =IFERROR(INDIRECT(E4),"") -> Обед (работа) | J4: Перекус | K4: Фаст-Фуд | L4: Сладости | M4: Еда вне работы
A5: =WEEKDAY(C5) -> 3 | B5: =MONTH(C5) -> 1 | C5: 43102 | D5: Перекус | E5: Еда | F5: Еда вне работы | G5: 350 | I5: =IFERROR(INDIRECT(E5),"") -> Обед (работа) | J5: Перекус | K5: Фаст-Фуд | L5: Сладости | M5: Еда вне работы
A6: =WEEKDAY(C6) -> 3 | B6: =MONTH(C6) -> 1 | C6: 43102 | D6: Кальянная | E6: Рестораны | F6: Кальянная | G6: 600 | I6: =IFERROR(INDIRECT(E6),"") -> Бар | J6: Ресторан | K6: Бургерная | L6: Доставка | M6: Кальянная
A7: =WEEKDAY(C7) -> 3 | B7: =MONTH(C7) -> 1 | C7: 43102 | D7: Такси | E7: Транспорт | F7: Такси | G7: 250 | I7: =IFERROR(INDIRECT(E7),"") -> Такси | J7: Автобус | K7: Метро | L7: Электричка | M7: Другой транспорт
A8: =WEEKDAY(C8) -> 4 | B8: =MONTH(C8) -> 1 | C8: 43103 | D8: Такси | E8: Транспорт | F8: Такси | G8: 690 | I8: =IFERROR(INDIRECT(E8),"") -> Такси | J8: Автобус | K8: Метро | L8: Электричка | M8: Другой транспорт
A9: =WEEKDAY(C9) -> 4 | B9: =MONTH(C9) -> 1 | C9: 43103 | D9: Обед | E9: Еда | F9: Еда вне работы | G9: 700 | I9: =IFERROR(INDIRECT(E9),"") -> Обед (работа) | J9: Перекус | K9: Фаст-Фуд | L9: Сладости | M9: Еда вне работы
A10: =WEEKDAY(C10) -> 4 | B10: =MONTH(C10) -> 1 | C10: 43103 | D10: Пиво и пицца | E10: Алкоголь | F10: Пиво | G10: 550 | I10: =IFERROR(INDIRECT(E10),"") -> Вино | J10: Пиво | K10: Сидр | L10: Крепкое | M10: Закуски
A11: =WEEKDAY(C11) -> 5 | B11: =MONTH(C11) -> 1 | C11: 43104 | D11: Такси | E11: Транспорт | F11: Такси | G11: 500 | I11: =IFERROR(INDIRECT(E11),"") -> Такси | J11: Автобус | K11: Метро | L11: Электричка | M11: Другой транспорт
A12: =WEEKDAY(C12) -> 5 | B12: =MONTH(C12) -> 1 | C12: 43104 | D12: Макдоналдс | E12: Еда | F12: Фаст-Фуд | G12: 400 | I12: =IFERROR(INDIRECT(E12),"") -> Обед (работа) | J12: Перекус | K12: Фаст-Фуд | L12: Сладости | M12: Еда вне работы
A13: =WEEKDAY(C13) -> 6 | B13: =MONTH(C13) -> 1 | C13: 43105 | D13: Такси | E13: Транспорт | F13: Такси | G13: 200 | I13: =IFERROR(INDIRECT(E13),"") -> Такси | J13: Автобус | K13: Метро | L13: Электричка | M13: Другой транспорт
... A16: =WEEKDAY(C16) -> 7 | B16: =MONTH(C16) -> 1 | C16: 43106 | D16: Пиво и креветки | E16: Алкоголь | F16: Пиво | G16: 800 | I16: =IFERROR(INDIRECT(E16),"") -> Вино | J16: Пиво | K16: Сидр | L16: Крепкое | M16: Закуски
A17: =WEEKDAY(C17) -> 7 | B17: =MONTH(C17) -> 1 | C17: 43106 | D17: Продукты | E17: Продукты | G17: 300 | I17: =IFERROR(INDIRECT(E17),"")
A18: =WEEKDAY(C18) -> 7 | B18: =MONTH(C18) -> 1 | C18: 43106 | D18: Для бритья | E18: Здоровье, красота, гигиена | G18: 500 | I18: =IFERROR(INDIRECT(E18),"")
A19: =WEEKDAY(C19) -> 7 | B19: =MONTH(C19) -> 1 | C19: 43106 | D19: Такси | E19: Транспорт | F19: Такси | G19: 136 | I19: =IFERROR(INDIRECT(E19),"") -> Такси | J19: Автобус | K19: Метро | L19: Электричка | M19: Другой транспорт
A20: =WEEKDAY(C20) -> 1 | B20: =MONTH(C20) -> 1 | C20: 43107 | D20: Такси | E20: Транспорт | F20: Такси | G20: 146 | I20: =IFERROR(INDIRECT(E20),"") -> Такси | J20: Автобус | K20: Метро | L20: Электричка | M20: Другой транспорт
A21: =WEEKDAY(C21) -> 1 | B21: =MONTH(C21) -> 1 | C21: 43107 | D21: Вода | E21: Еда | F21: Перекус | G21: 50 | I21: =IFERROR(INDIRECT(E21),"") -> Обед (работа) | J21: Перекус | K21: Фаст-Фуд | L21: Сладости | M21: Еда вне работы
A22: =WEEKDAY(C22) -> 1 | B22: =MONTH(C22) -> 1 | C22: 43107 | D22: Ресторан Питер | E22: Рестораны | F22: Ресторан | G22: 1200 | I22: =IFERROR(INDIRECT(E22),"") -> Бар | J22: Ресторан | K22: Бургерная | L22: Доставка | M22: Кальянная
A23: =WEEKDAY(C23) -> 1 | B23: =MONTH(C23) -> 1 | C23: 43107 | D23: Пушкинский музей | E23: Кино, театры, музеи | G23: 300 | I23: =IFERROR(INDIRECT(E23),"")
A24: =WEEKDAY(C24) -> 1 | B24: =MONTH(C24) -> 1 | C24: 43107 | D24: Квест | E24: Кино, театры, музеи | G24: 800 | I24: =IFERROR(INDIRECT(E24),"")
A25: =WEEKDAY(C25) -> 1 | B25: =MONTH(C25) -> 1 | C25: 43107 | D25: Блэк стар бургер | E25: Еда | F25: Фаст-фуд | G25: 490 | I25: =IFERROR(INDIRECT(E25),"") -> Обед (работа) | J25: Перекус | K25: Фаст-Фуд | L25: Сладости | M25: Еда вне работы
A26: =WEEKDAY(C26) -> 1 | B26: =MONTH(C26) -> 1 | C26: 43107 | D26: Вино | E26: Алкоголь | F26: Вино | G26: 500 | I26: =IFERROR(INDIRECT(E26),"") -> Вино | J26: Пиво | K26: Сидр | L26: Крепкое | M26: Закуски
A27: =WEEKDAY(C27) -> 1 | B27: =MONTH(C27) -> 1 | C27: 43107 | D27: Кино + вода | E27: Кино, театры, музеи | G27: 650 | I27: =IFERROR(INDIRECT(E27),"")
A28: =WEEKDAY(C28) -> 1 | B28: =MONTH(C28) -> 1 | C28: 43107 | D28: Шоколадка | E28: Еда | F28: Сладости | G28: 166 | I28: =IFERROR(INDIRECT(E28),"") -> Обед (работа) | J28: Перекус | K28: Фаст-Фуд | L28: Сладости | M28: Еда вне работы
A29: =WEEKDAY(C29) -> 2 | B29: =MONTH(C29) -> 1 | C29: 43108 | D29: Сидр | E29: Алкоголь | F29: Сидр | G29: 170 | I29: =IFERROR(INDIRECT(E29),"") -> Вино | J29: Пиво | K29: Сидр | L29: Крепкое | M29: Закуски
A30: =WEEKDAY(C30) -> 2 | B30: =MONTH(C30) -> 1 | C30: 43108 | D30: Домой | E30: Здоровье, красота, гигиена | G30: 1200 | I30: =IFERROR(INDIRECT(E30),"")
A31: =WEEKDAY(C31) -> 2 | B31: =MONTH(C31) -> 1 | C31: 43108 | D31: Коллеге | E31: Подарки | F31: Работа | G31: 300 | I31: =IFERROR(INDIRECT(E31),"") -> Родственники | J31: Друзья | K31: Работа
A32: =WEEKDAY(C32) -> 3 | B32: =MONTH(C32) -> 1 | C32: 43109 | D32: Обед | E32: Еда | F32: Обед (работа) | G32: 393 | I32: =IFERROR(INDIRECT(E32),"") -> Обед (работа) | J32: Перекус | K32: Фаст-Фуд | L32: Сладости | M32: Еда вне работы
A33: =WEEKDAY(C33) -> 3 | B33: =MONTH(C33) -> 1 | C33: 43109 | D33: Apple music | E33: Творчество, книги, обучение | G33: 169 | I33: =IFERROR(INDIRECT(E33),"")
A34: =WEEKDAY(C34) -> 5 | B34: =MONTH(C34) -> 1 | C34: 43111 | D34: Обед | E34: Еда | F34: Обед (работа) | G34: 296 | I34: =IFERROR(INDIRECT(E34),"") -> Обед (работа) | J34: Перекус | K34: Фаст-Фуд | L34: Сладости | M34: Еда вне работы
A35: =WEEKDAY(C35) -> 5 | B35: =MONTH(C35) -> 1 | C35: 43111 | D35: Сестре | E35: Подарки | F35: Родственники | G35: 3000 | I35: =IFERROR(INDIRECT(E35),"") -> Родственники | J35: Друзья | K35: Работа
A36: =WEEKDAY(C36) -> 6 | B36: =MONTH(C36) -> 1 | C36: 43112 | D36: Электричка | E36: Транспорт | F36: Электричка | G36: 88 | I36: =IFERROR(INDIRECT(E36),"") -> Такси | J36: Автобус | K36: Метро | L36: Электричка | M36: Другой транспорт
A37: =WEEKDAY(C37) -> 6 | B37: =MONTH(C37) -> 1 | C37: 43112 | D37: Дима | E37: Подарки | F37: Работа | G37: 300 | I37: =IFERROR(INDIRECT(E37),"") -> Родственники | J37: Друзья | K37: Работа
A38: =WEEKDAY(C38) -> 6 | B38: =MONTH(C38) -> 1 | C38: 43112 | D38: Жевачка | E38: Еда | F38: Сладости | G38: 50 | I38: =IFERROR(INDIRECT(E38),"") -> Обед (работа) | J38: Перекус | K38: Фаст-Фуд | L38: Сладости | M38: Еда вне работы
A39: =WEEKDAY(C39) -> 6 | B39: =MONTH(C39) -> 1 | C39: 43112 | D39: Вино | E39: Алкоголь | F39: Вино | G39: 1000 | I39: =IFERROR(INDIRECT(E39),"") -> Вино | J39: Пиво | K39: Сидр | L39: Крепкое | M39: Закуски
A40: =WEEKDAY(C40) -> 6 | B40: =MONTH(C40) -> 1 | C40: 43112 | D40: Такси | E40: Транспорт | F40: Такси | G40: 134 | I40: =IFERROR(INDIRECT(E40),"") -> Такси | J40: Автобус | K40: Метро | L40: Электричка | M40: Другой транспорт
A41: =WEEKDAY(C41) -> 6 | B41: =MONTH(C41) -> 1 | C41: 43112 | D41: Печеньки | E41: Еда | F41: Сладости | G41: 421 | I41: =IFERROR(INDIRECT(E41),"") -> Обед (работа) | J41: Перекус | K41: Фаст-Фуд | L41: Сладости | M41: Еда вне работы
A42: =WEEKDAY(C42) -> 7 | B42: =MONTH(C42) -> 1 | C42: 43113 | D42: Нет расходов | G42: 0 | I42: =IFERROR(INDIRECT(E42),"")
A43: =WEEKDAY(C43) -> 1 | B43: =MONTH(C43) -> 1 | C43: 43114 | D43: Такси | E43: Транспорт | F43: Такси | G43: 153 | I43: =IFERROR(INDIRECT(E43),"") -> Такси | J43: Автобус | K43: Метро | L43: Электричка | M43: Другой транспорт
A44: =WEEKDAY(C44) -> 2 | B44: =MONTH(C44) -> 1 | C44: 43115 | D44: Электричка | E44: Транспорт | F44: Электричка | G44: 1 180 | I44: =IFERROR(INDIRECT(E44),"") -> Такси | J44: Автобус | K44: Метро | L44: Электричка | M44: Другой транспорт
A45: =WEEKDAY(C45) -> 2 | B45: =MONTH(C45) -> 1 | C45: 43115 | D45: Обед | E45: Еда | F45: Обед (работа) | G45: 591 | I45: =IFERROR(INDIRECT(E45),"") -> Обед (работа) | J45: Перекус | K45: Фаст-Фуд | L45: Сладости | M45: Еда вне работы
A46: =WEEKDAY(C46) -> 2 | B46: =MONTH(C46) -> 1 | C46: 43115 | D46: Коллеге | E46: Подарки | F46: Работа | G46: 200 | I46: =IFERROR(INDIRECT(E46),"") -> Родственники | J46: Друзья | K46: Работа
A47: =WEEKDAY(C47) -> 3 | B47: =MONTH(C47) -> 1 | C47: 43116 | D47: Электричка | E47: Транспорт | F47: Электричка | G47: 88 | I47: =IFERROR(INDIRECT(E47),"") -> Такси | J47: Автобус | K47: Метро | L47: Электричка | M47: Другой транспорт
A48: =WEEKDAY(C48) -> 3 | B48: =MONTH(C48) -> 1 | C48: 43116 | D48: Обед | E48: Еда | F48: Обед (работа) | G48: 408 | I48: =IFERROR(INDIRECT(E48),"") -> Обед (работа) | J48: Перекус | K48: Фаст-Фуд | L48: Сладости | M48: Еда вне работы
A49: =WEEKDAY(C49) -> 3 | B49: =MONTH(C49) -> 1 | C49: 43116 | D49: Коллеге | E49: Подарки | F49: Работа | G49: 300 | I49: =IFERROR(INDIRECT(E49),"") -> Родственники | J49: Друзья | K49: Работа
A50: =WEEKDAY(C50) -> 4 | B50: =MONTH(C50) -> 1 | C50: 43117 | D50: Электричка | E50: Транспорт | F50: Электричка | G50: 88 | I50: =IFERROR(INDIRECT(E50),"") -> Такси | J50: Автобус | K50: Метро | L50: Электричка | M50: Другой транспорт
A51: =WEEKDAY(C51) -> 4 | B51: =MONTH(C51) -> 1 | C51: 43117 | D51: Электричка | E51: Транспорт | F51: Электричка | G51: 1 180 | I51: =IFERROR(INDIRECT(E51),"") -> Такси | J51: Автобус | K51: Метро | L51: Электричка | M51: Другой транспорт
A52: =WEEKDAY(C52) -> 4 | B52: =MONTH(C52) -> 1 | C52: 43117 | D52: Еда домой | E52: Продукты | G52: 500 | I52: =IFERROR(INDIRECT(E52),"")
A53: =WEEKDAY(C53) -> 5 | B53: =MONTH(C53) -> 1 | C53: 43118 | D53: Обед | E53: Еда | F53: Обед (работа) | G53: 380 | I53: =IFERROR(INDIRECT(E53),"") -> Обед (работа) | J53: Перекус | K53: Фаст-Фуд | L53: Сладости | M53: Еда вне работы
A54: =WEEKDAY(C54) -> 6 | B54: =MONTH(C54) -> 1 | C54: 43119 | D54: Обед | E54: Еда | F54: Обед (работа) | G54: 402 | I54: =IFERROR(INDIRECT(E54),"") -> Обед (работа) | J54: Перекус | K54: Фаст-Фуд | L54: Сладости | M54: Еда вне работы
A55: =WEEKDAY(C55) -> 6 | B55: =MONTH(C55) -> 1 | C55: 43119 | D55: Такси | E55: Транспорт | F55: Такси | G55: 779 | I55: =IFERROR(INDIRECT(E55),"") -> Такси | J55: Автобус | K55: Метро | L55: Электричка | M55: Другой транспорт
A56: =WEEKDAY(C56) -> 6 | B56: =MONTH(C56) -> 1 | C56: 43119 | D56: Квиз | E56: Кино, театры, музеи | G56: 500 | I56: =IFERROR(INDIRECT(E56),"")
A57: =WEEKDAY(C57) -> 6 | B57: =MONTH(C57) -> 1 | C57: 43119 | D57: Бар | E57: Рестораны | F57: Бар | G57: 1 300 | I57: =IFERROR(INDIRECT(E57),"") -> Бар | J57: Ресторан | K57: Бургерная | L57: Доставка | M57: Кальянная
A58: =WEEKDAY(C58) -> 7 | B58: =MONTH(C58) -> 1 | C58: 43120 | D58: Якитория | E58: Рестораны | F58: Доставка | G58: 1 827 | I58: =IFERROR(INDIRECT(E58),"") -> Бар | J58: Ресторан | K58: Бургерная | L58: Доставка | M58: Кальянная
A59: =WEEKDAY(C59) -> 7 | B59: =MONTH(C59) -> 1 | C59: 43120 | D59: Сладости на работу | E59: Еда | F59: Сладости | G59: 402 | I59: =IFERROR(INDIRECT(E59),"") -> Обед (работа) | J59: Перекус | K59: Фаст-Фуд | L59: Сладости | M59: Еда вне работы
A60: =WEEKDAY(C60) -> 7 | B60: =MONTH(C60) -> 1 | C60: 43120 | D60: Сладости | E60: Продукты | G60: 306 | I60: =IFERROR(INDIRECT(E60),"")
A61: =WEEKDAY(C61) -> 7 | B61: =MONTH(C61) -> 1 | C61: 43120 | D61: Пиво | E61: Алкоголь | F61: Пиво | G61: 150 | I61: =IFERROR(INDIRECT(E61),"") -> Вино | J61: Пиво | K61: Сидр | L61: Крепкое | M61: Закуски
A62: =WEEKDAY(C62) -> 7 | B62: =MONTH(C62) -> 1 | C62: 43120 | D62: Продукты | E62: Продукты | G62: 388 | I62: =IFERROR(INDIRECT(E62),"")
A63: =WEEKDAY(C63) -> 7 | B63: =MONTH(C63) -> 1 | C63: 43120 | D63: Макдоналдс | E63: Еда | F63: Фаст-фуд | G63: 468 | I63: =IFERROR(INDIRECT(E63),"") -> Обед (работа) | J63: Перекус | K63: Фаст-Фуд | L63: Сладости | M63: Еда вне работы
A64: =WEEKDAY(C64) -> 7 | B64: =MONTH(C64) -> 1 | C64: 43120 | D64: Кола и сладости | E64: Еда | F64: Сладости | G64: 207 | I64: =IFERROR(INDIRECT(E64),"") -> Обед (работа) | J64: Перекус | K64: Фаст-Фуд | L64: Сладости | M64: Еда вне работы
A65: =WEEKDAY(C65) -> 7 | B65: =MONTH(C65) -> 1 | C65: 43120 | D65: Такси | E65: Транспорт | F65: Такси | G65: 300 | I65: =IFERROR(INDIRECT(E65),"") -> Такси | J65: Автобус | K65: Метро | L65: Электричка | M65: Другой транспорт
A66: =WEEKDAY(C66) -> 1 | B66: =MONTH(C66) -> 1 | C66: 43121 | D66: Такси | E66: Транспорт | F66: Такси | G66: 216 | I66: =IFERROR(INDIRECT(E66),"") -> Такси | J66: Автобус | K66: Метро | L66: Электричка | M66: Другой транспорт
A67: =WEEKDAY(C67) -> 1 | B67: =MONTH(C67) -> 1 | C67: 43121 | D67: Продукты | E67: Продукты | G67: 342 | I67: =IFERROR(INDIRECT(E67),"")
A68: =WEEKDAY(C68) -> 2 | B68: =MONTH(C68) -> 1 | C68: 43122 | D68: Обед | E68: Еда | F68: Обед (работа) | G68: 495 | I68: =IFERROR(INDIRECT(E68),"") -> Обед (работа) | J68: Перекус | K68: Фаст-Фуд | L68: Сладости | M68: Еда вне работы
A69: =WEEKDAY(C69) -> 2 | B69: =MONTH(C69) -> 1 | C69: 43122 | D69: Перекус | E69: Еда | F69: Перекус | G69: 100 | I69: =IFERROR(INDIRECT(E69),"") -> Обед (работа) | J69: Перекус | K69: Фаст-Фуд | L69: Сладости | M69: Еда вне работы
A70: =WEEKDAY(C70) -> 2 | B70: =MONTH(C70) -> 1 | C70: 43122 | D70: Такси | E70: Транспорт | F70: Такси | G70: 220 | I70: =IFERROR(INDIRECT(E70),"") -> Такси | J70: Автобус | K70: Метро | L70: Электричка | M70: Другой транспорт
A71: =WEEKDAY(C71) -> 2 | B71: =MONTH(C71) -> 1 | C71: 43122 | D71: Сидр | E71: Алкоголь | F71: Сидр | G71: 720 | I71: =IFERROR(INDIRECT(E71),"") -> Вино | J71: Пиво | K71: Сидр | L71: Крепкое | M71: Закуски
A72: =WEEKDAY(C72) -> 2 | B72: =MONTH(C72) -> 1 | C72: 43122 | D72: Сладости | E72: Еда | F72: Сладости | G72: 459 | I72: =IFERROR(INDIRECT(E72),"") -> Обед (работа) | J72: Перекус | K72: Фаст-Фуд | L72: Сладости | M72: Еда вне работы
A73: =WEEKDAY(C73) -> 3 | B73: =MONTH(C73) -> 1 | C73: 43123 | D73: Такси | E73: Транспорт | F73: Такси | G73: 128 | I73: =IFERROR(INDIRECT(E73),"") -> Такси | J73: Автобус | K73: Метро | L73: Электричка | M73: Другой транспорт
A74: =WEEKDAY(C74) -> 3 | B74: =MONTH(C74) -> 1 | C74: 43123 | D74: На работе | E74: Подарки | F74: Работа | G74: 300 | I74: =IFERROR(INDIRECT(E74),"") -> Родственники | J74: Друзья | K74: Работа
A75: =WEEKDAY(C75) -> 4 | B75: =MONTH(C75) -> 1 | C75: 43124 | D75: Перекус | E75: Еда | F75: Перекус | G75: 229 | I75: =IFERROR(INDIRECT(E75),"") -> Обед (работа) | J75: Перекус | K75: Фаст-Фуд | L75: Сладости | M75: Еда вне работы
A76: =WEEKDAY(C76) -> 4 | B76: =MONTH(C76) -> 1 | C76: 43124 | D76: Перекус | E76: Еда | F76: Перекус | G76: 101 | I76: =IFERROR(INDIRECT(E76),"") -> Обед (работа) | J76: Перекус | K76: Фаст-Фуд | L76: Сладости | M76: Еда вне работы
A77: =WEEKDAY(C77) -> 5 | B77: =MONTH(C77) -> 1 | C77: 43125 | D77: Обед | E77: Еда | F77: Обед (работа) | G77: 373 | I77: =IFERROR(INDIRECT(E77),"") -> Обед (работа) | J77: Перекус | K77: Фаст-Фуд | L77: Сладости | M77: Еда вне работы
A78: =WEEKDAY(C78) -> 5 | B78: =MONTH(C78) -> 1 | C78: 43125 | D78: Перекус | E78: Еда | F78: Перекус | G78: 197 | I78: =IFERROR(INDIRECT(E78),"") -> Обед (работа) | J78: Перекус | K78: Фаст-Фуд | L78: Сладости | M78: Еда вне работы
A79: =WEEKDAY(C79) -> 5 | B79: =MONTH(C79) -> 1 | C79: 43125 | D79: Сладости | E79: Еда | F79: Сладости | G79: 75 | I79: =IFERROR(INDIRECT(E79),"") -> Обед (работа) | J79: Перекус | K79: Фаст-Фуд | L79: Сладости | M79: Еда вне работы
A80: =WEEKDAY(C80) -> 5 | B80: =MONTH(C80) -> 1 | C80: 43125 | D80: На работе | E80: Подарки | F80: Работа | G80: 300 | I80: =IFERROR(INDIRECT(E80),"") -> Родственники | J80: Друзья | K80: Работа
A81: =WEEKDAY(C81) -> 5 | B81: =MONTH(C81) -> 1 | C81: 43125 | D81: Такси | E81: Транспорт | F81: Такси | G81: 216 | I81: =IFERROR(INDIRECT(E81),"") -> Такси | J81: Автобус | K81: Метро | L81: Электричка | M81: Другой транспорт
A82: =WEEKDAY(C82) -> 5 | B82: =MONTH(C82) -> 1 | C82: 43125 | D82: Вино | E82: Алкоголь | F82: Вино | G82: 1 400 | I82: =IFERROR(INDIRECT(E82),"") -> Вино | J82: Пиво | K82: Сидр | L82: Крепкое | M82: Закуски
A83: =WEEKDAY(C83) -> 5 | B83: =MONTH(C83) -> 1 | C83: 43125 | D83: Сладости | E83: Еда | F83: Сладости | G83: 906 | I83: =IFERROR(INDIRECT(E83),"") -> Обед (работа) | J83: Перекус | K83: Фаст-Фуд | L83: Сладости | M83: Еда вне работы
A84: =WEEKDAY(C84) -> 6 | B84: =MONTH(C84) -> 1 | C84: 43126 | D84: Такси | E84: Транспорт | F84: Такси | G84: 130 | I84: =IFERROR(INDIRECT(E84),"") -> Такси | J84: Автобус | K84: Метро | L84: Электричка | M84: Другой транспорт
A85: =WEEKDAY(C85) -> 6 | B85: =MONTH(C85) -> 1 | C85: 43126 | D85: Перекус | E85: Еда | F85: Перекус | G85: 226 | I85: =IFERROR(INDIRECT(E85),"") -> Обед (работа) | J85: Перекус | K85: Фаст-Фуд | L85: Сладости | M85: Еда вне работы
A86: =WEEKDAY(C86) -> 6 | B86: =MONTH(C86) -> 1 | C86: 43126 | D86: Перекус | E86: Еда | F86: Перекус | G86: 199 | I86: =IFERROR(INDIRECT(E86),"") -> Обед (работа) | J86: Перекус | K86: Фаст-Фуд | L86: Сладости | M86: Еда вне работы
A87: =WEEKDAY(C87) -> 6 | B87: =MONTH(C87) -> 1 | C87: 43126 | D87: Подарок | E87: Подарки | F87: Друзья | G87: 6400 | I87: =IFERROR(INDIRECT(E87),"") -> Родственники | J87: Друзья | K87: Работа
A88: =WEEKDAY(C88) -> 6 | B88: =MONTH(C88) -> 1 | C88: 43126 | D88: Шапспанское | E88: Алкоголь | F88: Вино | G88: 700 | I88: =IFERROR(INDIRECT(E88),"") -> Вино | J88: Пиво | K88: Сидр | L88: Крепкое | M88: Закуски
A89: =WEEKDAY(C89) -> 6 | B89: =MONTH(C89) -> 1 | C89: 43126 | D89: Сладости | E89: Еда | F89: Сладости | G89: 461 | I89: =IFERROR(INDIRECT(E89),"") -> Обед (работа) | J89: Перекус | K89: Фаст-Фуд | L89: Сладости | M89: Еда вне работы
A90: =WEEKDAY(C90) -> 6 | B90: =MONTH(C90) -> 1 | C90: 43126 | D90: Такси | E90: Транспорт | F90: Такси | G90: 222 | I90: =IFERROR(INDIRECT(E90),"") -> Такси | J90: Автобус | K90: Метро | L90: Электричка | M90: Другой транспорт
A91: =WEEKDAY(C91) -> 6 | B91: =MONTH(C91) -> 1 | C91: 43126 | D91: На работе | E91: Подарки | F91: Работа | G91: 300 | I91: =IFERROR(INDIRECT(E91),"") -> Родственники | J91: Друзья | K91: Работа
A92: =WEEKDAY(C92) -> 7 | B92: =MONTH(C92) -> 1 | C92: 43127 | D92: Такси | E92: Транспорт | F92: Такси | G92: 229 | I92: =IFERROR(INDIRECT(E92),"") -> Такси | J92: Автобус | K92: Метро | L92: Электричка | M92: Другой транспорт
A93: =WEEKDAY(C93) -> 7 | B93: =MONTH(C93) -> 1 | C93: 43127 | D93: Пиво | E93: Алкоголь | F93: Пиво | G93: 297 | I93: =IFERROR(INDIRECT(E93),"") -> Вино | J93: Пиво | K93: Сидр | L93: Крепкое | M93: Закуски
A94: =WEEKDAY(C94) -> 7 | B94: =MONTH(C94) -> 1 | C94: 43127 | D94: Вино | E94: Алкоголь | F94: Вино | G94: 450 | I94: =IFERROR(INDIRECT(E94),"") -> Вино | J94: Пиво | K94: Сидр | L94: Крепкое | M94: Закуски
A95: =WEEKDAY(C95) -> 1 | B95: =MONTH(C95) -> 1 | C95: 43128 | D95: Пиво | E95: Алкоголь | F95: Пиво | G95: 832 | I95: =IFERROR(INDIRECT(E95),"") -> Вино | J95: Пиво | K95: Сидр | L95: Крепкое | M95: Закуски
A96: =WEEKDAY(C96) -> 1 | B96: =MONTH(C96) -> 1 | C96: 43128 | D96: Бокал | E96: Прочее | G96: 450 | I96: =IFERROR(INDIRECT(E96),"")
A97: =WEEKDAY(C97) -> 1 | B97: =MONTH(C97) -> 1 | C97: 43128 | D97: Макдоналдс | E97: Еда | F97: Фаст-фуд | G97: 604 | I97: =IFERROR(INDIRECT(E97),"") -> Обед (работа) | J97: Перекус | K97: Фаст-Фуд | L97: Сладости | M97: Еда вне работы
A98: =WEEKDAY(C98) -> 1 | B98: =MONTH(C98) -> 1 | C98: 43128 | D98: Такси | E98: Транспорт | F98: Такси | G98: 361 | I98: =IFERROR(INDIRECT(E98),"") -> Такси | J98: Автобус | K98: Метро | L98: Электричка | M98: Другой транспорт
A99: =WEEKDAY(C99) -> 2 | B99: =MONTH(C99) -> 1 | C99: 43129 | D99: Перекус | E99: Еда | F99: Перекус | G99: 206 | I99: =IFERROR(INDIRECT(E99),"") -> Обед (работа) | J99: Перекус | K99: Фаст-Фуд | L99: Сладости | M99: Еда вне работы
A100: =WEEKDAY(C100) -> 2 | B100: =MONTH(C100) -> 1 | C100: 43129 | D100: Тройка | E100: Транспорт | F100: Метро | G100: 100 | I100: =IFERROR(INDIRECT(E100),"") -> Такси | J100: Автобус | K100: Метро | L100: Электричка | M100: Другой транспорт
A101: =WEEKDAY(C101) -> 2 | B101: =MONTH(C101) -> 1 | C101: 43129 | D101: Шоколадница | E101: Рестораны | F101: Ресторан | G101: 1 300 | I101: =IFERROR(INDIRECT(E101),"") -> Бар | J101: Ресторан | K101: Бургерная | L101: Доставка | M101: Кальянная
A102: =WEEKDAY(C102) -> 2 | B102: =MONTH(C102) -> 1 | C102: 43129 | D102: Макдоналдс | E102: Еда | F102: Фаст-фуд | G102: 300 | I102: =IFERROR(INDIRECT(E102),"") -> Обед (работа) | J102: Перекус | K102: Фаст-Фуд | L102: Сладости | M102: Еда вне работы
...

Sheet Крупные
B1: MM | C1: Дата | D1: Покупка | E1: Сумма
B2: =MONTH(C2) -> 1 | C2: 43115 | D2: Абонемент в спорт зал | E2: 20000
B3: =MONTH(C3) -> 2 | C3: 43136 | D3: Пальто | E3: 18000
B4: =MONTH(C4) -> 3 | C4: 43166 | D4: Билеты в Берлин | E4: 9000
B5: =MONTH(C5) -> 4 | C5: 43192 | D5: Отель в Берлине | E5: 12000
B6: =MONTH(C6) -> 4 | C6: 43207 | D6: Курсы английского | E6: 26000
B7: =MONTH(C7) -> 5 | C7: 43587 | D7: Билеты в Питер | E7: 5500
B8: =MONTH(C8) -> 5 | C8: 43606 | D8: Квартира Питер | E8: 7800
B9: =MONTH(C9) -> 6 | C9: 43628 | D9: Кожаная сумка | E9: 15500
C18: В данной таблице фиксируются все расходы, которые не имеют повседневный характер

Sheet Квартира
B1: MM | C1: Дата | D1: Категори | E1: Описание | F1: Сумма
B2: =MONTH(C2) -> 1 | C2: 43106 | D2: Ипотека | F2: 35000
B3: =MONTH(C3) -> 1 | C3: 43130 | D3: ЖКХ | F3: 2500
B4: =MONTH(C4) -> 2 | C4: 43133 | D4: Все для дома | E4: Подушки и одеяла | F4: 5700
B5: =MONTH(C5) -> 2 | C5: 43137 | D5: Ипотека | F5: 35000
B6: =MONTH(C6) -> 2 | C6: 43159 | D6: ЖКХ | F6: 2800
B7: =MONTH(C7) -> 3 | C7: 43165 | D7: Ипотека | F7: 35000
B8: =MONTH(C8) -> 3 | C8: 43189 | D8: ЖКХ | F8: 2900
B9: =MONTH(C9) -> 4 | C9: 43196 | D9: Ипотека | F9: 35000
B10: =MONTH(C10) -> 4 | C10: 43205 | D10: Ремонт | E10: Входная дверь | F10: 29000
B11: =MONTH(C11) -> 4 | C11: 43211 | D11: Прочие расходы | E11: Страховка Ипотека | F11: 8900
B12: =MONTH(C12) -> 4 | C12: 43220 | D12: ЖКХ | F12: 2800
B13: =MONTH(C13) -> 5 | C13: 43226 | D13: Ипотека | F13: 35000
B14: =MONTH(C14) -> 5 | C14: 43250 | D14: ЖКХ | F14: 2700
B15: =MONTH(C15) -> 6 | C15: 43257 | D15: Ипотека | F15: 35000

Sheet Справочники
B1: Категории повседневных расходов | C1: Подкатегории
B2: Транспорт | C2: Такси | D2: Автобус | E2: Метро | F2: Электричка | G2: Другой транспорт
B3: Еда | C3: Обед (работа) | D3: Перекус | E3: Фаст-Фуд | F3: Сладости | G3: Еда вне работы
B4: Рестораны | C4: Бар | D4: Ресторан | E4: Бургерная | F4: Доставка | G4: Кальянная
B5: Алкоголь | C5: Вино | D5: Пиво | E5: Сидр | F5: Крепкое | G5: Закуски
B6: Подарки | C6: Родственники | D6: Друзья | E6: Работа
B7: Продукты
B8: Здоровье, красота, гигиена
B9: Одежда
B10: Творчество, книги, обучение
B11: Кино, театры, музеи
B12: Связь
B13: Прочее
B15: В колонку B добавляем свои категории или переименовываем текущие
B16: Напротив каждой категории можно указать до 8 подкатегорий
B17: При выборе основной категории на вкладке "Повседневные" список подкатегорий загрузится автоматически
B19: Категории расходов на квартиру
B20: Ремонт
... B28: Дней в году
A29: 1 | B29: Январь | C29: 31
A30: 2 | B30: Февраль | C30: 28
A31: 3 | B31: Март | C31: 31
A32: 4 | B32: Апрель | C32: 30
A33: 5 | B33: Май | C33: 31
A34: 6 | B34: Июнь | C34: 30
A35: 7 | B35: Июль | C35: 31
A36: 8 | B36: Август | C36: 31
A37: 9 | B37: Сентябрь | C37: 30
A38: 10 | B38: Октябрь | C38: 31
A39: 11 | B39: Ноябрь | C39: 30
A40: 12 | B40: Декабрь | C40: 31
